{"cameraMode":{"drawMode":0,"name":"Shaded","section":"Shading Mode"},"sceneLighting":true,"audioPlay":false,"sceneViewState":{"m_AlwaysRefresh":false,"showFog":true,"showSkybox":true,"showFlares":true,"showImageEffects":true,"showParticleSystems":true,"showVisualEffectGraphs":true,"m_FxEnabled":true},"in2DMode":false,"pivot":{"x":0.459954172372818,"y":1.340753197669983,"z":-1.7164597511291505},"rotation":{"x":-0.019528772681951524,"y":0.9531872272491455,"z":-0.0633227601647377,"w":-0.29521599411964419},"size":0.05024039000272751,"orthographic":false}