{"cameraMode":{"drawMode":0,"name":"Shaded","section":"Shading Mode"},"sceneLighting":true,"audioPlay":false,"sceneViewState":{"m_AlwaysRefresh":false,"showFog":true,"showSkybox":true,"showFlares":true,"showImageEffects":true,"showParticleSystems":true,"showVisualEffectGraphs":true,"m_FxEnabled":true},"in2DMode":false,"pivot":{"x":-0.10407599806785584,"y":0.2280745506286621,"z":-3.004213333129883},"rotation":{"x":-0.0036236783489584924,"y":0.9951257705688477,"z":-0.09011466801166535,"w":-0.04002487659454346},"size":2.287590742111206,"orthographic":false}