{"cameraMode":{"drawMode":0,"name":"Shaded","section":"Shading Mode"},"sceneLighting":true,"audioPlay":false,"sceneViewState":{"m_AlwaysRefresh":false,"showFog":true,"showSkybox":true,"showFlares":true,"showImageEffects":true,"showParticleSystems":true,"showVisualEffectGraphs":true,"m_FxEnabled":true},"in2DMode":false,"pivot":{"x":-16.374849319458009,"y":40.897056579589847,"z":-24.185556411743165},"rotation":{"x":-0.38426318764686587,"y":-0.1599748730659485,"z":0.06768416613340378,"w":-0.9067758321762085},"size":1.0000606775283814,"orthographic":false}