{"cameraMode":{"drawMode":0,"name":"Shaded","section":"Shading Mode"},"sceneLighting":true,"audioPlay":false,"sceneViewState":{"m_AlwaysRefresh":false,"showFog":true,"showSkybox":true,"showFlares":true,"showImageEffects":true,"showParticleSystems":true,"showVisualEffectGraphs":true,"m_FxEnabled":true},"in2DMode":false,"pivot":{"x":-0.3695777654647827,"y":0.7846097946166992,"z":2.9944911003112795},"rotation":{"x":0.06327124685049057,"y":-0.007817746140062809,"z":0.0005300595075823367,"w":0.9980520009994507},"size":3.2275753021240236,"orthographic":false}