{"cameraMode":{"drawMode":0,"name":"Shaded","section":"Shading Mode"},"sceneLighting":true,"audioPlay":false,"sceneViewState":{"m_AlwaysRefresh":false,"showFog":true,"showSkybox":true,"showFlares":true,"showImageEffects":true,"showParticleSystems":true,"showVisualEffectGraphs":true,"m_FxEnabled":true},"in2DMode":false,"pivot":{"x":-2.773693799972534,"y":3.4314651489257814,"z":17.598529815673829},"rotation":{"x":-0.3722836375236511,"y":0.25496214628219607,"z":-0.10724756121635437,"w":-0.8860117793083191},"size":0.4376557767391205,"orthographic":false}