{"cameraMode":{"drawMode":0,"name":"Shaded","section":"Shading Mode"},"sceneLighting":false,"audioPlay":false,"sceneViewState":{"m_AlwaysRefresh":false,"showFog":false,"showSkybox":false,"showFlares":false,"showImageEffects":false,"showParticleSystems":false,"showVisualEffectGraphs":true,"m_FxEnabled":true},"in2DMode":false,"pivot":{"x":0.0008432269096374512,"y":0.8368241786956787,"z":0.022379010915756227},"rotation":{"x":0.01785564422607422,"y":0.8807730078697205,"z":-0.03331809118390083,"w":0.47204339504241946},"size":1.3449195623397828,"orthographic":false}