{"cameraMode":{"drawMode":0,"name":"Shaded","section":"Shading Mode"},"sceneLighting":false,"audioPlay":false,"sceneViewState":{"m_AlwaysRefresh":false,"showFog":true,"showSkybox":false,"showFlares":true,"showImageEffects":true,"showParticleSystems":true,"showVisualEffectGraphs":true,"m_FxEnabled":true},"in2DMode":false,"pivot":{"x":0.02262941747903824,"y":0.8516556620597839,"z":0.8281666040420532},"rotation":{"x":0.07605549693107605,"y":-0.1320951133966446,"z":0.010219244286417961,"w":0.9883130788803101},"size":0.3246181309223175,"orthographic":false}