{"cameraMode":{"drawMode":0,"name":"Shaded","section":"Shading Mode"},"sceneLighting":false,"audioPlay":false,"sceneViewState":{"m_AlwaysRefresh":false,"showFog":false,"showSkybox":false,"showFlares":false,"showImageEffects":false,"showParticleSystems":false,"showVisualEffectGraphs":true,"m_FxEnabled":true},"in2DMode":false,"pivot":{"x":-0.000042319297790527344,"y":0.8352723121643066,"z":0.021821528673171998},"rotation":{"x":0.09376253187656403,"y":-0.22095759212970735,"z":0.021382374688982965,"w":0.9706190824508667},"size":1.3431278467178345,"orthographic":false}