{"cameraMode":{"drawMode":0,"name":"Shaded","section":"Shading Mode"},"sceneLighting":false,"audioPlay":false,"sceneViewState":{"m_AlwaysRefresh":false,"showFog":true,"showSkybox":false,"showFlares":true,"showImageEffects":true,"showParticleSystems":true,"showVisualEffectGraphs":true,"m_FxEnabled":true},"in2DMode":false,"pivot":{"x":0.34490281343460085,"y":0.5636908411979675,"z":-0.5354666709899902},"rotation":{"x":-0.03677874058485031,"y":-0.9264735579490662,"z":0.09368298202753067,"w":-0.3627643287181854},"size":1.128036379814148,"orthographic":false}