{"cameraMode":{"drawMode":0,"name":"Shaded","section":"Shading Mode"},"sceneLighting":false,"audioPlay":false,"sceneViewState":{"m_AlwaysRefresh":false,"showFog":true,"showSkybox":false,"showFlares":true,"showImageEffects":true,"showParticleSystems":true,"showVisualEffectGraphs":true,"m_FxEnabled":true},"in2DMode":false,"pivot":{"x":0.0034252689220011236,"y":0.0005062205600552261,"z":-0.002127994317561388},"rotation":{"x":-0.04030054062604904,"y":0.50765460729599,"z":-0.0237799771130085,"w":-0.8603053689002991},"size":0.013426442630589009,"orthographic":false}